Workbook

Sheet Benchmark
A1: LzFilm vs 7-Zip — E:\gitcopy (4,768 files), 4 threads
A3: Source size (MiB) | B3: 571.2
A4: Reference (7-Zip Ultra, MiB) | B4: =E8 -> 351.5
A6: Tool | B6: Config | C6: Level | D6: Segment (MiB) | E6: Archive (MiB) | F6: Ratio | G6: vs 7-Zip Ultra | H6: Time (s) | I6: Throughput (MiB/s) | J6: Peak RAM (MiB) | K6: Estimated RAM (MiB) | L6: Estimate / peak
A7: 7-Zip | B7: Normal -mx5 | C7: 5 | D7: solid | E7: 375.1 | F7: =E7/$B$3 -> 0.65668768 | G7: =E7/$B$4-1 -> 0.067140825 | H7: 32.9 | I7: =$B$3/H7 -> 17.361702 | J7: 1251 | L7: =IF(K7="","",K7/J7)
A8: 7-Zip | B8: Ultra -mx9 | C8: 9 | D8: solid | E8: 351.5 | F8: =E8/$B$3 -> 0.61537115 | G8: =E8/$B$4-1 -> 0 | H8: 36.2 | I8: =$B$3/H8 -> 15.779006 | J8: 1986 | L8: =IF(K8="","",K8/J8)
A9: LzFilm | B9: Level 6 / 32 MiB | C9: 6 | D9: 32 | E9: 395.1 | F9: =E9/$B$3 -> 0.69170168 | G9: =E9/$B$4-1 -> 0.12403983 | H9: 47.7 | I9: =$B$3/H9 -> 11.974843 | J9: 785 | K9: 826 | L9: =IF(K9="","",K9/J9) -> 1.0522293
A10: LzFilm | B10: Level 6 / 128 MiB | C10: 6 | D10: 128 | E10: 393.5 | F10: =E10/$B$3 -> 0.68890056 | G10: =E10/$B$4-1 -> 0.11948791 | H10: 54.3 | I10: =$B$3/H10 -> 10.519337 | J10: 1352 | K10: 1978 | L10: =IF(K10="","",K10/J10) -> 1.4630178
A11: LzFilm | B11: Level 9 / 64 MiB | C11: 9 | D11: 64 | E11: 380 | F11: =E11/$B$3 -> 0.66526611 | G11: =E11/$B$4-1 -> 0.081081081 | H11: 53.9 | I11: =$B$3/H11 -> 10.597403 | J11: 2716 | K11: 3530 | L11: =IF(K11="","",K11/J11) -> 1.2997054
A12: LzFilm | B12: Level 9 / 256 MiB | C12: 9 | D12: 256 | E12: 367.9 | F12: =E12/$B$3 -> 0.64408263 | G12: =E12/$B$4-1 -> 0.046657183 | H12: 102.5 | I12: =$B$3/H12 -> 5.5726829 | J12: 2609 | K12: 5834 | L12: =IF(K12="","",K12/J12) -> 2.2361058
A13: LzFilm | B13: Level 9 / 1024 MiB | C13: 9 | D13: 1024 | E13: 364.1 | F13: =E13/$B$3 -> 0.63742997 | G13: =E13/$B$4-1 -> 0.035846373 | H13: 209.1 | I13: =$B$3/H13 -> 2.7317073 | J13: 1652 | K13: 15050 | L13: =IF(K13="","",K13/J13) -> 9.1101695
A15: Blue = measured values (bench-pack.ps1, 2026-10-18); black = formulas. 7-Zip has no segments (one solid block) and no memory estimate.

Sheet Profiles
A1: Proposed Pack-tab profiles
A3: Profile | B3: Level | C3: Segment (MiB) | D3: Archive (MiB) | E3: Time (s) | F3: Peak RAM (MiB) | G3: vs 7-Zip Ultra | H3: Note
A4: Fast | B4: =Benchmark!C9 -> 6 | C4: =Benchmark!D9 -> 32 | D4: =Benchmark!E9 -> 395.1 | E4: =Benchmark!H9 -> 47.7 | F4: =Benchmark!J9 -> 785 | G4: =Benchmark!G9 -> 0.12403983 | H4: Current default.
A5: Maximum (default) | B5: =Benchmark!C11 -> 9 | C5: =Benchmark!D11 -> 64 | D5: =Benchmark!E11 -> 380 | E5: =Benchmark!H11 -> 53.9 | F5: =Benchmark!J11 -> 2716 | G5: =Benchmark!G11 -> 0.081081081 | H5: Best size/time; all threads busy, partial extraction kept.
A6: Ultra | B6: =Benchmark!C12 -> 9 | C6: =Benchmark!D12 -> 256 | D6: =Benchmark!E12 -> 367.9 | E6: =Benchmark!H12 -> 102.5 | F6: =Benchmark!J12 -> 2609 | G6: =Benchmark!G12 -> 0.046657183 | H6: Only ~3 segments on this data, so at most 3 threads work.
A8: Green = linked from the Benchmark sheet.

Sheet Data mix
A1: What E:\gitcopy contains
A3: Extension | B3: Size (MiB) | C3: Files | D3: Share of source | E3: Already compressed?
A4: .pack | B4: 382.8 | C4: 24 | D4: =B4/Benchmark!$B$3 -> 0.67016807 | E4: Yes (git, zlib)
A5: .gguf | B5: 74 | C5: 19 | D5: =B5/Benchmark!$B$3 -> 0.12955182 | E5: Yes (quantized model)
A6: .csv | B6: 36.4 | C6: 16 | D6: =B6/Benchmark!$B$3 -> 0.06372549 | E6: No
A7: .cpp | B7: 19.6 | C7: 678 | D7: =B7/Benchmark!$B$3 -> 0.034313725 | E7: No
A8: .webm | B8: 8.1 | C8: 2 | D8: =B8/Benchmark!$B$3 -> 0.014180672 | E8: Yes (video)
A9: .h | B9: 7.6 | C9: 305 | D9: =B9/Benchmark!$B$3 -> 0.013305322 | E9: No
A10: .c | B10: 3.4 | C10: 96 | D10: =B10/Benchmark!$B$3 -> 0.005952381 | E10: No
A11: .py | B11: 3.2 | C11: 252 | D11: =B11/Benchmark!$B$3 -> 0.0056022409 | E11: No
A12: .pdf | B12: 3.2 | C12: 4 | D12: =B12/Benchmark!$B$3 -> 0.0056022409 | E12: Mostly
A13: .idx | B13: 2.7 | C13: 24 | D13: =B13/Benchmark!$B$3 -> 0.0047268908 | E13: No
A14: .png | B14: 2.2 | C14: 18 | D14: =B14/Benchmark!$B$3 -> 0.0038515406 | E14: Yes
A15: .json | B15: 2.1 | C15: 15 | D15: =B15/Benchmark!$B$3 -> 0.0036764706 | E15: No
A16: Top 12 total | B16: =SUM(B4:B15) -> 545.3 | C16: =SUM(C4:C15) -> 1453 | D16: =B16/Benchmark!$B$3 -> 0.95465686
A17: Already-compressed share | B17: =SUMIF(E4:E15,"Yes*",B4:B15) -> 467.1 | D17: =B17/Benchmark!$B$3 -> 0.8177521
A19: Inside .git folders (MiB) | B19: 386.9 | D19: =B19/Benchmark!$B$3 -> 0.67734594
A20: Duplicate file content (MiB) | B20: 0.8 | D20: =B20/Benchmark!$B$3 -> 0.0014005602
